A, 0,
V, 0,
A, 1024,
A, 2048,
V, 512,
A, 3072,
A, 4096,
V, 1024,
A, 5120,
A, 6144,
V, 1536,
A, 7168,
A, 8192,
V, 2048,
A, 9216,
A, 10240,
V, 2560,
A, 11264,
A, 12288,
V, 3072,
A, 13312,
V, 3584,
A, 14336,
A, 15360,
V, 4096,
A, 16384,
A, 17408,
V, 4608,
A, 18432,
A, 19456,
V, 5120,
A, 20480,
A, 21504,
V, 5632,
A, 22528,
A, 23552,
V, 6144,
A, 24576,
A, 25600,
V, 6656,
A, 26624,
A, 27648,
V, 7168,
A, 28672,
V, 7680,
A, 29696,
A, 30720,
V, 8192,
A, 31744,
A, 32768,
V, 8704,
A, 33792,
A, 34816,
V, 9216,
A, 35840,
A, 36864,
V, 9728,
A, 37888,
A, 38912,
V, 10240,
A, 39936,
A, 40960,
V, 10752,
A, 41984,
A, 43008,
V, 11264,
A, 44032,
V, 11776,
A, 45056,
A, 46080,
V, 12288,
A, 47104,
A, 48128,
V, 12800,
A, 49152,
A, 50176,
V, 13312,
A, 51200,
A, 52224,
V, 13824,
A, 53248,
A, 54272,
V, 14336,
A, 55296,
A, 56320,
V, 14848,
A, 57344,
A, 58368,
V, 15360,
A, 59392,
V, 15872,
A, 60416,
A, 61440,
V, 16384,
A, 62464,
A, 63488,
V, 16896,
A, 64512,
A, 65536,
V, 17408,
A, 66560,
A, 67584,
V, 17920,
A, 68608,
A, 69632,
V, 18432,
A, 70656,
A, 71680,
V, 18944,
A, 72704,
A, 73728,
V, 19456,
A, 74752,
V, 19968,
A, 75776,
A, 76800,
V, 20480,
A, 77824,
A, 78848,
V, 20992,
A, 79872,
A, 80896,
V, 21504,
A, 81920,
A, 82944,
V, 22016,
A, 83968,
A, 84992,
V, 22528,
A, 86016,
A, 87040,
V, 23040,
A, 88064,
A, 89088,
V, 23552,
A, 90112,
V, 24064,
A, 91136,
A, 92160,
V, 24576,
A, 93184,
A, 94208,
V, 25088,
A, 95232,
A, 96256,
V, 25600,
A, 97280,
A, 98304,
V, 26112,
A, 99328,
A, 100352,
V, 26624,
A, 101376,
A, 102400,
V, 27136,
A, 103424,
A, 104448,
V, 27648,
A, 105472,
V, 28160,
A, 106496,
A, 107520,
V, 28672,
A, 108544,
A, 109568,
V, 29184,
A, 110592,
A, 111616,
V, 29696,
A, 112640,
A, 113664,
V, 30208,
A, 114688,
A, 115712,
V, 30720,
A, 116736,
A, 117760,
V, 31232,
A, 118784,
A, 119808,
V, 31744,
A, 120832,
V, 32256,
A, 121856,
A, 122880,
V, 32768,
A, 123904,
A, 124928,
V, 33280,
A, 125952,
A, 126976,
V, 33792,
A, 128000,
A, 129024,
V, 34304,
A, 130048,
A, 131072,
V, 34816,
A, 132096,
A, 133120,
V, 35328,
A, 134144,
A, 135168,
V, 35840,
A, 136192,
V, 36352,
A, 137216,
A, 138240,
V, 36864,
A, 139264,
A, 140288,
V, 37376,
A, 141312,
A, 142336,
V, 37888,
A, 143360,
A, 144384,
V, 38400,
A, 145408,
A, 146432,
V, 38912,
A, 147456,
A, 148480,
V, 39424,
A, 149504,
A, 150528,
V, 39936,
A, 151552,
V, 40448,
A, 152576,
A, 153600,
V, 40960,
A, 154624,
A, 155648,
V, 41472,
A, 156672,
A, 157696,
V, 41984,
A, 158720,
A, 159744,
V, 42496,
A, 160768,
A, 161792,
V, 43008,
A, 162816,
A, 163840,
V, 43520,
A, 164864,
A, 165888,
V, 44032,
A, 166912,
V, 44544,
A, 167936,
A, 168960,
V, 45056,
A, 169984,
A, 171008,
V, 45568,
A, 172032,
A, 173056,
V, 46080,
A, 174080,
A, 175104,
V, 46592,
A, 176128,
A, 177152,
V, 47104,
A, 178176,
A, 179200,
V, 47616,
A, 180224,
A, 181248,
V, 48128,
A, 182272,
V, 48640,
A, 183296,
A, 184320,
V, 49152,
A, 185344,
A, 186368,
V, 49664,
A, 187392,
A, 188416,
V, 50176,
A, 189440,
A, 190464,
V, 50688,
A, 191488,
A, 192512,
V, 51200,
A, 193536,
A, 194560,
V, 51712,
A, 195584,
A, 196608,
V, 52224,
A, 197632,
V, 52736,
A, 198656,
A, 199680,
V, 53248,
A, 200704,
A, 201728,
V, 53760,
A, 202752,
A, 203776,
V, 54272,
A, 204800,
A, 205824,
V, 54784,
A, 206848,
A, 207872,
V, 55296,
A, 208896,
A, 209920,
V, 55808,
A, 210944,
A, 211968,
V, 56320,
A, 212992,
V, 56832,
A, 214016,
A, 215040,
V, 57344,
A, 216064,
A, 217088,
V, 57856,
A, 218112,
A, 219136,
V, 58368,
A, 220160,
A, 221184,
V, 58880,
A, 222208,
A, 223232,
V, 59392,
A, 224256,
A, 225280,
V, 59904,
A, 226304,
A, 227328,
V, 60416,
A, 228352,
V, 60928,
A, 229376,
A, 230400,
V, 61440,
A, 231424,
A, 232448,
V, 61952,
A, 233472,
A, 234496,
V, 62464,
A, 235520,
A, 236544,
V, 62976,
A, 237568,
A, 238592,
V, 63488,
A, 239616,
A, 240640,
V, 64000,
A, 241664,
A, 242688,
V, 64512,
A, 243712,
V, 65024,
A, 244736,
A, 245760,
V, 65536,
A, 246784,
A, 247808,
V, 66048,
A, 248832,
A, 249856,
V, 66560,
A, 250880,
A, 251904,
V, 67072,
A, 252928,
A, 253952,
V, 67584,
A, 254976,
A, 256000,
V, 68096,
A, 257024,
A, 258048,
V, 68608,
A, 259072,
V, 69120,
A, 260096,
A, 261120,
V, 69632,
A, 262144,
A, 263168,
V, 70144,
A, 264192,
A, 265216,
V, 70656,
A, 266240,
A, 267264,
V, 71168,
A, 268288,
A, 269312,
V, 71680,
A, 270336,
A, 271360,
V, 72192,
A, 272384,
A, 273408,
V, 72704,
A, 274432,
V, 73216,
A, 275456,
A, 276480,
V, 73728,
A, 277504,
A, 278528,
V, 74240,
A, 279552,
A, 280576,
V, 74752,
A, 281600,
A, 282624,
V, 75264,
A, 283648,
A, 284672,
V, 75776,
A, 285696,
A, 286720,
V, 76288,
A, 287744,
A, 288768,
V, 76800,
A, 289792,
V, 77312,
A, 290816,
A, 291840,
V, 77824,
A, 292864,
A, 293888,
V, 78336,
A, 294912,
A, 295936,
V, 78848,
A, 296960,
A, 297984,
V, 79360,
A, 299008,
A, 300032,
V, 79872,
A, 301056,
A, 302080,
V, 80384,
A, 303104,
A, 304128,
V, 80896,
A, 305152,
V, 81408,
A, 306176,
A, 307200,
V, 81920,
A, 308224,
A, 309248,
V, 82432,
A, 310272,
A, 311296,
V, 82944,
A, 312320,
A, 313344,
V, 83456,
A, 314368,
A, 315392,
V, 83968,
A, 316416,
A, 317440,
V, 84480,
A, 318464,
A, 319488,
V, 84992,
A, 320512,
V, 85504,
A, 321536,
A, 322560,
V, 86016,
A, 323584,
A, 324608,
V, 86528,
A, 325632,
A, 326656,
V, 87040,
A, 327680,
A, 328704,
V, 87552,
A, 329728,
A, 330752,
V, 88064,
A, 331776,
A, 332800,
V, 88576,
A, 333824,
A, 334848,
V, 89088,
A, 335872,
V, 89600,
A, 336896,
A, 337920,
V, 90112,
A, 338944,
A, 339968,
V, 90624,
A, 340992,
A, 342016,
V, 91136,
A, 343040,
A, 344064,
V, 91648,
A, 345088,
A, 346112,
V, 92160,
A, 347136,
A, 348160,
V, 92672,
A, 349184,
A, 350208,
V, 93184,
A, 351232,
V, 93696,
A, 352256,
A, 353280,
V, 94208,
A, 354304,
A, 355328,
V, 94720,
A, 356352,
A, 357376,
V, 95232,
A, 358400,
A, 359424,
V, 95744,
A, 360448,
A, 361472,
V, 96256,
A, 362496,
A, 363520,
V, 96768,
A, 364544,
A, 365568,
V, 97280,
A, 366592,
V, 97792,
A, 367616,
A, 368640,
V, 98304,
A, 369664,
A, 370688,
V, 98816,
A, 371712,
A, 372736,
V, 99328,
A, 373760,
A, 374784,
V, 99840,
A, 375808,
A, 376832,
V, 100352,
A, 377856,
A, 378880,
V, 100864,
A, 379904,
A, 380928,
V, 101376,
A, 381952,
V, 101888,
A, 382976,
A, 384000,
V, 102400,
A, 385024,
A, 386048,
V, 102912,
A, 387072,
A, 388096,
V, 103424,
A, 389120,
A, 390144,
V, 103936,
A, 391168,
A, 392192,
V, 104448,
A, 393216,
A, 394240,
V, 104960,
A, 395264,
A, 396288,
V, 105472,
A, 397312,
V, 105984,
A, 398336,
A, 399360,
V, 106496,
A, 400384,
A, 401408,
V, 107008,
A, 402432,
A, 403456,
V, 107520,
A, 404480,
A, 405504,
V, 108032,
A, 406528,
A, 407552,
V, 108544,
A, 408576,
A, 409600,
V, 109056,
A, 410624,
A, 411648,
V, 109568,
A, 412672,
V, 110080,
A, 413696,
A, 414720,
V, 110592,
A, 415744,
A, 416768,
V, 111104,
A, 417792,
A, 418816,
V, 111616,
A, 419840,
A, 420864,
V, 112128,
A, 421888,
A, 422912,
V, 112640,
A, 423936,
A, 424960,
V, 113152,
A, 425984,
A, 427008,
V, 113664,
A, 428032,
V, 114176,
A, 429056,
A, 430080,
V, 114688,
A, 431104,
A, 432128,
V, 115200,
A, 433152,
A, 434176,
V, 115712,
A, 435200,
A, 436224,
V, 116224,
A, 437248,
A, 438272,
V, 116736,
A, 439296,
A, 440320,
V, 117248,
A, 441344,
A, 442368,
V, 117760,
A, 443392,
V, 118272,
A, 444416,
A, 445440,
V, 118784,
A, 446464,
A, 447488,
V, 119296,
A, 448512,
A, 449536,
V, 119808,
A, 450560,
A, 451584,
V, 120320,
A, 452608,
A, 453632,
V, 120832,
A, 454656,
A, 455680,
V, 121344,
A, 456704,
A, 457728,
V, 121856,
A, 458752,
V, 122368,
A, 459776,
A, 460800,
V, 122880,
A, 461824,
A, 462848,
V, 123392,
A, 463872,
A, 464896,
V, 123904,
A, 465920,
A, 466944,
V, 124416,
A, 467968,
A, 468992,
V, 124928,
A, 470016,
A, 471040,
V, 125440,
A, 472064,
A, 473088,
V, 125952,
A, 474112,
V, 126464,
A, 475136,
A, 476160,
V, 126976,
A, 477184,
A, 478208,
V, 127488,
A, 479232,
A, 480256,
V, 128000,
A, 481280,
A, 482304,
V, 128512,
A, 483328,
A, 484352,
V, 129024,
A, 485376,
A, 486400,
V, 129536,
A, 487424,
A, 488448,
V, 130048,
A, 489472,
V, 130560,
A, 490496,
A, 491520,
V, 131072,
A, 492544,
A, 493568,
V, 131584,
A, 494592,
A, 495616,
V, 132096,
A, 496640,
A, 497664,
V, 132608,
A, 498688,
A, 499712,
V, 133120,
A, 500736,
A, 501760,
V, 133632,
A, 502784,
A, 503808,
V, 134144,
A, 504832,
V, 134656,
A, 505856,
A, 506880,
V, 135168,
A, 507904,
A, 508928,
V, 135680,
A, 509952,
A, 510976,
V, 136192,
A, 512000,
A, 513024,
V, 136704,
A, 514048,
A, 515072,
V, 137216,
A, 516096,
A, 517120,
V, 137728,
A, 518144,
A, 519168,
V, 138240,
A, 520192,
V, 138752,
A, 521216,
A, 522240,
V, 139264,
A, 523264,
A, 524288,
V, 139776,
A, 525312,
A, 526336,
V, 140288,
A, 527360,
A, 528384,
V, 140800,
A, 529408,
A, 530432,
V, 141312,
A, 531456,
A, 532480,
V, 141824,
A, 533504,
A, 534528,
V, 142336,
A, 535552,
V, 142848,
A, 536576,
A, 537600,
V, 143360,
A, 538624,
A, 539648,
V, 143872,
A, 540672,
A, 541696,
V, 144384,
A, 542720,
A, 543744,
V, 144896,
A, 544768,
A, 545792,
V, 145408,
A, 546816,
A, 547840,
V, 145920,
A, 548864,
A, 549888,
V, 146432,
A, 550912,
V, 146944,
A, 551936,
A, 552960,
V, 147456,
A, 553984,
A, 555008,
V, 147968,
A, 556032,
A, 557056,
V, 148480,
A, 558080,
A, 559104,
V, 148992,
A, 560128,
A, 561152,
V, 149504,
A, 562176,
A, 563200,
V, 150016,
A, 564224,
A, 565248,
V, 150528,
A, 566272,
V, 151040,
A, 567296,
A, 568320,
V, 151552,
A, 569344,
A, 570368,
V, 152064,
A, 571392,
A, 572416,
V, 152576,
A, 573440,
A, 574464,
V, 153088,
A, 575488,
A, 576512,
V, 153600,
A, 577536,
A, 578560,
V, 154112,
A, 579584,
A, 580608,
V, 154624,
A, 581632,
V, 155136,
A, 582656,
A, 583680,
V, 155648,
A, 584704,
A, 585728,
V, 156160,
A, 586752,
A, 587776,
V, 156672,
A, 588800,
A, 589824,
V, 157184,
A, 590848,
A, 591872,
V, 157696,
A, 592896,
A, 593920,
V, 158208,
A, 594944,
A, 595968,
V, 158720,
A, 596992,
V, 159232,
A, 598016,
A, 599040,
V, 159744,
A, 600064,
A, 601088,
V, 160256,
A, 602112,
A, 603136,
V, 160768,
A, 604160,
A, 605184,
V, 161280,
A, 606208,
A, 607232,
V, 161792,
A, 608256,
A, 609280,
V, 162304,
A, 610304,
A, 611328,
V, 162816,
A, 612352,
V, 163328,
A, 613376,
A, 614400,
V, 163840,
A, 615424,
A, 616448,
V, 164352,
A, 617472,
A, 618496,
V, 164864,
A, 619520,
A, 620544,
V, 165376,
A, 621568,
A, 622592,
V, 165888,
A, 623616,
A, 624640,
V, 166400,
A, 625664,
A, 626688,
V, 166912,
A, 627712,
V, 167424,
A, 628736,
A, 629760,
V, 167936,
A, 630784,
A, 631808,
V, 168448,
A, 632832,
A, 633856,
V, 168960,
A, 634880,
A, 635904,
V, 169472,
A, 636928,
A, 637952,
V, 169984,
A, 638976,
A, 640000,
V, 170496,
A, 641024,
A, 642048,
V, 171008,
A, 643072,
V, 171520,
A, 644096,
A, 645120,
V, 172032,
A, 646144,
A, 647168,
