V, 176400000,
V, 176403600,
V, 176407200,
V, 176410800,
V, 176414400,
V, 176418000,
V, 176421600,
V, 176425200,
V, 176428800,
V, 176432400,
V, 176436000,
V, 176439600,
V, 176443200,
V, 176446800,
V, 176450400,
V, 176454000,
V, 176457600,
V, 176461200,
V, 176464800,
V, 176468400,
V, 176472000,
V, 176475600,
V, 176479200,
V, 176482800,
V, 176486400,
V, 176490000,
V, 176493600,
V, 176497200,
V, 176500800,
V, 176504400,
V, 176508000,
V, 176511600,
V, 176515200,
V, 176518800,
V, 176522400,
V, 176526000,
V, 176529600,
V, 176533200,
V, 176536800,
V, 176540400,
V, 176544000,
V, 176547600,
V, 176551200,
V, 176554800,
V, 176558400,
V, 176562000,
V, 176565600,
V, 176569200,
V, 176572800,
V, 176576400,
V, 176580000,
V, 176583600,
V, 176587200,
V, 176590800,
V, 176594400,
V, 176598000,
V, 176601600,
V, 176605200,
V, 176608800,
V, 176612400,
V, 176616000,
V, 176619600,
V, 176623200,
V, 176626800,
V, 176630400,
V, 176634000,
V, 176637600,
V, 176641200,
V, 176644800,
V, 176648400,
V, 176652000,
V, 176655600,
V, 176659200,
V, 176662800,
V, 176666400,
V, 176670000,
V, 176673600,
V, 176677200,
V, 176680800,
V, 176684400,
V, 176688000,
V, 176691600,
V, 176695200,
V, 176698800,
V, 176702400,
V, 176706000,
V, 176709600,
V, 176713200,
V, 176716800,
V, 176720400,
V, 176724000,
V, 176727600,
V, 176731200,
V, 176734800,
V, 176738400,
V, 176742000,
V, 176745600,
V, 176749200,
V, 176752800,
V, 176756400,
V, 176760000,
V, 176763600,
V, 176767200,
V, 176770800,
V, 176774400,
V, 176778000,
V, 176781600,
V, 176785200,
V, 176788800,
V, 176792400,
V, 176796000,
V, 176799600,
V, 176803200,
V, 176806800,
V, 176810400,
V, 176814000,
V, 176817600,
V, 176821200,
V, 176824800,
V, 176828400,
V, 176832000,
V, 176835600,
V, 176839200,
V, 176842800,
V, 176846400,
V, 176850000,
V, 176853600,
V, 176857200,
V, 176860800,
V, 176864400,
V, 176868000,
V, 176871600,
V, 176875200,
V, 176878800,
V, 176882400,
V, 176886000,
V, 176889600,
V, 176893200,
V, 176896800,
V, 176900400,
V, 176904000,
V, 176907600,
V, 176911200,
V, 176914800,
V, 176918400,
V, 176922000,
V, 176925600,
V, 176929200,
V, 176932800,
V, 176936400,
V, 176940000,
V, 176943600,
V, 176947200,
V, 176950800,
V, 176954400,
V, 176958000,
V, 176961600,
V, 176965200,
V, 176968800,
V, 176972400,
V, 176976000,
V, 176979600,
V, 176983200,
V, 176986800,
V, 176990400,
V, 176994000,
V, 176997600,
V, 177001200,
V, 177004800,
V, 177008400,
V, 177012000,
V, 177015600,
V, 177019200,
V, 177022800,
V, 177026400,
V, 177030000,
V, 177033600,
V, 177037200,
V, 177040800,
V, 177044400,
V, 177048000,
V, 177051600,
V, 177055200,
V, 177058800,
V, 177062400,
V, 177066000,
V, 177069600,
V, 177073200,
V, 177076800,
V, 177080400,
V, 177084000,
V, 177087600,
V, 177091200,
V, 177094800,
V, 177098400,
V, 177102000,
V, 177105600,
V, 177109200,
V, 177112800,
V, 177116400,
V, 177120000,
V, 177123600,
V, 177127200,
V, 177130800,
V, 177134400,
V, 177138000,
V, 177141600,
V, 177145200,
V, 177148800,
V, 177152400,
V, 177156000,
V, 177159600,
V, 177163200,
V, 177166800,
V, 177170400,
V, 177174000,
V, 177177600,
V, 177181200,
V, 177184800,
V, 177188400,
V, 177192000,
V, 177195600,
V, 177199200,
V, 177202800,
V, 177206400,
V, 177210000,
V, 177213600,
V, 177217200,
V, 177220800,
V, 177224400,
V, 177228000,
V, 177231600,
V, 177235200,
V, 177238800,
V, 177242400,
V, 177246000,
V, 177249600,
V, 177253200,
V, 177256800,
V, 177260400,
V, 177264000,
V, 177267600,
V, 177271200,
V, 177274800,
V, 177278400,
V, 177282000,
V, 177285600,
V, 177289200,
V, 177292800,
V, 177296400,
V, 177300000,
V, 177303600,
V, 177307200,
V, 177310800,
V, 177314400,
V, 177318000,
V, 177321600,
V, 177325200,
V, 177328800,
V, 177332400,
V, 177336000,
V, 177339600,
V, 177343200,
V, 177346800,
V, 177350400,
V, 177354000,
V, 177357600,
V, 177361200,
V, 177364800,
V, 177368400,
V, 177372000,
V, 177375600,
V, 177379200,
V, 177382800,
V, 177386400,
V, 177390000,
V, 177393600,
V, 177397200,
V, 177400800,
V, 177404400,
V, 177408000,
V, 177411600,
V, 177415200,
V, 177418800,
V, 177422400,
V, 177426000,
V, 177429600,
V, 177433200,
V, 177436800,
V, 177440400,
V, 177444000,
V, 177447600,
V, 177451200,
V, 177454800,
V, 177458400,
V, 177462000,
V, 177465600,
V, 177469200,
V, 177472800,
V, 177476400,
V, 177480000,
V, 177483600,
V, 177487200,
V, 177490800,
V, 177494400,
V, 177498000,
V, 177501600,
V, 177505200,
V, 177508800,
V, 177512400,
V, 177516000,
V, 177519600,
V, 177523200,
V, 177526800,
V, 177530400,
V, 177534000,
V, 177537600,
V, 177541200,
V, 177544800,
V, 177548400,
V, 177552000,
V, 177555600,
V, 177559200,
V, 177562800,
V, 177566400,
V, 177570000,
V, 177573600,
V, 177577200,
V, 177580800,
V, 177584400,
V, 177588000,
V, 177591600,
V, 177595200,
V, 177598800,
V, 177602400,
V, 177606000,
V, 177609600,
V, 177613200,
V, 177616800,
V, 177620400,
V, 177624000,
V, 177627600,
V, 177631200,
V, 177634800,
V, 177638400,
V, 177642000,
V, 177645600,
V, 177649200,
V, 177652800,
V, 177656400,
V, 177660000,
V, 177663600,
V, 177667200,
V, 177670800,
V, 177674400,
V, 177678000,
V, 177681600,
V, 177685200,
V, 177688800,
V, 177692400,
V, 177696000,
V, 177699600,
V, 177703200,
V, 177706800,
V, 177710400,
V, 177714000,
V, 177717600,
V, 177721200,
V, 177724800,
V, 177728400,
V, 177732000,
V, 177735600,
V, 177739200,
V, 177742800,
V, 177746400,
V, 177750000,
V, 177753600,
V, 177757200,
V, 177760800,
V, 177764400,
V, 177768000,
V, 177771600,
V, 177775200,
V, 177778800,
V, 177782400,
V, 177786000,
V, 177789600,
V, 177793200,
V, 177796800,
V, 177800400,
V, 177804000,
V, 177807600,
V, 177811200,
V, 177814800,
V, 177818400,
V, 177822000,
V, 177825600,
V, 177829200,
V, 177832800,
V, 177836400,
V, 177840000,
V, 177843600,
V, 177847200,
V, 177850800,
V, 177854400,
V, 177858000,
V, 177861600,
V, 177865200,
V, 177868800,
V, 177872400,
V, 177876000,
V, 177879600,
V, 177883200,
V, 177886800,
V, 177890400,
V, 177894000,
V, 177897600,
V, 177901200,
V, 177904800,
V, 177908400,
V, 177912000,
V, 177915600,
V, 177919200,
V, 177922800,
V, 177926400,
V, 177930000,
V, 177933600,
V, 177937200,
V, 177940800,
V, 177944400,
V, 177948000,
V, 177951600,
V, 177955200,
V, 177958800,
V, 177962400,
V, 177966000,
V, 177969600,
V, 177973200,
V, 177976800,
V, 177980400,
V, 177984000,
V, 177987600,
V, 177991200,
V, 177994800,
V, 177998400,
V, 178002000,
V, 178005600,
V, 178009200,
V, 178012800,
V, 178016400,
V, 178020000,
V, 178023600,
V, 178027200,
V, 178030800,
V, 178034400,
V, 178038000,
V, 178041600,
V, 178045200,
V, 178048800,
V, 178052400,
V, 178056000,
V, 178059600,
V, 178063200,
V, 178066800,
V, 178070400,
V, 178074000,
V, 178077600,
V, 178081200,
V, 178084800,
V, 178088400,
V, 178092000,
V, 178095600,
V, 178099200,
V, 178102800,
V, 178106400,
V, 178110000,
V, 178113600,
V, 178117200,
V, 178120800,
V, 178124400,
V, 178128000,
V, 178131600,
V, 178135200,
V, 178138800,
V, 178142400,
V, 178146000,
V, 178149600,
V, 178153200,
V, 178156800,
V, 178160400,
V, 178164000,
V, 178167600,
V, 178171200,
V, 178174800,
V, 178178400,
V, 178182000,
V, 178185600,
V, 178189200,
V, 178192800,
V, 178196400,
V, 178200000,
V, 178203600,
V, 178207200,
V, 178210800,
V, 178214400,
V, 178218000,
V, 178221600,
V, 178225200,
V, 178228800,
V, 178232400,
V, 178236000,
V, 178239600,
V, 178243200,
V, 178246800,
V, 178250400,
V, 178254000,
V, 178257600,
V, 178261200,
V, 178264800,
V, 178268400,
V, 178272000,
V, 178275600,
V, 178279200,
V, 178282800,
V, 178286400,
V, 178290000,
V, 178293600,
V, 178297200,
V, 178300800,
V, 178304400,
V, 178308000,
V, 178311600,
V, 178315200,
V, 178318800,
V, 178322400,
V, 178326000,
V, 178329600,
V, 178333200,
V, 178336800,
V, 178340400,
V, 178344000,
V, 178347600,
V, 178351200,
V, 178354800,
V, 178358400,
V, 178362000,
V, 178365600,
V, 178369200,
V, 178372800,
V, 178376400,
V, 178380000,
V, 178383600,
V, 178387200,
V, 178390800,
V, 178394400,
V, 178398000,
V, 178401600,
V, 178405200,
V, 178408800,
V, 178412400,
V, 178416000,
V, 178419600,
V, 178423200,
V, 178426800,
V, 178430400,
V, 178434000,
V, 178437600,
V, 178441200,
V, 178444800,
V, 178448400,
V, 178452000,
V, 178455600,
V, 178459200,
V, 178462800,
V, 178466400,
V, 178470000,
V, 178473600,
V, 178477200,
V, 178480800,
V, 178484400,
V, 178488000,
V, 178491600,
V, 178495200,
V, 178498800,
V, 178502400,
V, 178506000,
V, 178509600,
V, 178513200,
V, 178516800,
V, 178520400,
V, 178524000,
V, 178527600,
V, 178531200,
V, 178534800,
V, 178538400,
V, 178542000,
V, 178545600,
V, 178549200,
V, 178552800,
V, 178556400,
V, 178560000,
V, 178563600,
V, 178567200,
V, 178570800,
V, 178574400,
V, 178578000,
V, 178581600,
V, 178585200,
V, 178588800,
V, 178592400,
V, 178596000,
V, 178599600,
V, 178603200,
V, 178606800,
V, 178610400,
V, 178614000,
V, 178617600,
V, 178621200,
V, 178624800,
V, 178628400,
V, 178632000,
V, 178635600,
V, 178639200,
V, 178642800,
V, 178646400,
V, 178650000,
V, 178653600,
V, 178657200,
V, 178660800,
V, 178664400,
V, 178668000,
V, 178671600,
V, 178675200,
V, 178678800,
V, 178682400,
V, 178686000,
V, 178689600,
V, 178693200,
V, 178696800,
V, 178700400,
V, 178704000,
V, 178707600,
V, 178711200,
V, 178714800,
