V, 0,
V, 512,
V, 1024,
V, 1536,
V, 2048,
V, 2560,
V, 3072,
V, 3584,
V, 4096,
V, 4608,
V, 5120,
V, 5632,
V, 6144,
V, 6656,
V, 7168,
V, 7680,
V, 8192,
V, 8704,
V, 9216,
V, 9728,
V, 10240,
V, 10752,
V, 11264,
V, 11776,
V, 12288,
V, 12800,
V, 13312,
V, 13824,
V, 14336,
V, 14848,
V, 15360,
V, 15872,
V, 16384,
V, 16896,
V, 17408,
V, 17920,
V, 18432,
V, 18944,
V, 19456,
V, 19968,
V, 20480,
V, 20992,
V, 21504,
V, 22016,
V, 22528,
V, 23040,
V, 23552,
V, 24064,
V, 24576,
V, 25088,
V, 25600,
V, 26112,
V, 26624,
V, 27136,
V, 27648,
V, 28160,
V, 28672,
V, 29184,
V, 29696,
V, 30208,
V, 30720,
V, 31232,
V, 31744,
V, 32256,
V, 32768,
V, 33280,
V, 33792,
V, 34304,
V, 34816,
V, 35328,
V, 35840,
V, 36352,
V, 36864,
V, 37376,
V, 37888,
V, 38400,
V, 38912,
V, 39424,
V, 39936,
V, 40448,
V, 40960,
V, 41472,
V, 41984,
V, 42496,
V, 43008,
V, 43520,
V, 44032,
V, 44544,
V, 45056,
V, 45568,
V, 46080,
V, 46592,
V, 47104,
V, 47616,
V, 48128,
V, 48640,
V, 49152,
V, 49664,
V, 50176,
V, 50688,
V, 51200,
V, 51712,
V, 52224,
V, 52736,
V, 53248,
V, 53760,
V, 54272,
V, 54784,
V, 55296,
V, 55808,
V, 56320,
V, 56832,
V, 57344,
V, 57856,
V, 58368,
V, 58880,
V, 59392,
V, 59904,
V, 60416,
V, 60928,
V, 61440,
V, 61952,
V, 62464,
V, 62976,
V, 63488,
V, 64000,
V, 64512,
V, 65024,
V, 65536,
V, 66048,
V, 66560,
V, 67072,
V, 67584,
V, 68096,
V, 68608,
V, 69120,
V, 69632,
V, 70144,
V, 70656,
V, 71168,
V, 71680,
V, 72192,
V, 72704,
V, 73216,
V, 73728,
V, 74240,
V, 74752,
V, 75264,
V, 75776,
V, 76288,
V, 76800,
V, 77312,
V, 77824,
V, 78336,
V, 78848,
V, 79360,
V, 79872,
V, 80384,
V, 80896,
V, 81408,
V, 81920,
V, 82432,
V, 82944,
V, 83456,
V, 83968,
V, 84480,
V, 84992,
V, 85504,
V, 86016,
V, 86528,
V, 87040,
V, 87552,
V, 88064,
V, 88576,
V, 89088,
V, 89600,
V, 90112,
V, 90624,
V, 91136,
V, 91648,
V, 92160,
V, 92672,
V, 93184,
V, 93696,
V, 94208,
V, 94720,
V, 95232,
V, 95744,
V, 96256,
V, 96768,
V, 97280,
V, 97792,
V, 98304,
V, 98816,
V, 99328,
V, 99840,
V, 100352,
V, 100864,
V, 101376,
V, 101888,
V, 102400,
V, 102912,
V, 103424,
V, 103936,
V, 104448,
V, 104960,
V, 105472,
V, 105984,
V, 106496,
V, 107008,
V, 107520,
V, 108032,
V, 108544,
V, 109056,
V, 109568,
V, 110080,
V, 110592,
V, 111104,
V, 111616,
V, 112128,
V, 112640,
V, 113152,
V, 113664,
V, 114176,
V, 114688,
V, 115200,
V, 115712,
V, 116224,
V, 116736,
V, 117248,
V, 117760,
V, 118272,
V, 118784,
V, 119296,
V, 119808,
V, 120320,
V, 120832,
V, 121344,
V, 121856,
V, 122368,
V, 122880,
V, 123392,
V, 123904,
V, 124416,
V, 124928,
V, 125440,
V, 125952,
V, 126464,
V, 126976,
V, 127488,
V, 128000,
V, 128512,
V, 129024,
V, 129536,
V, 130048,
V, 130560,
V, 131072,
V, 131584,
V, 132096,
V, 132608,
V, 133120,
V, 133632,
V, 134144,
V, 134656,
V, 135168,
V, 135680,
V, 136192,
V, 136704,
V, 137216,
V, 137728,
V, 138240,
V, 138752,
V, 139264,
V, 139776,
V, 140288,
V, 140800,
V, 141312,
V, 141824,
V, 142336,
V, 142848,
V, 143360,
V, 143872,
V, 144384,
V, 144896,
V, 145408,
V, 145920,
V, 146432,
V, 146944,
V, 147456,
V, 147968,
V, 148480,
V, 148992,
V, 149504,
V, 150016,
V, 150528,
V, 151040,
V, 151552,
V, 152064,
V, 152576,
V, 153088,
V, 153600,
V, 154112,
V, 154624,
V, 155136,
V, 155648,
V, 156160,
V, 156672,
V, 157184,
V, 157696,
V, 158208,
V, 158720,
V, 159232,
V, 159744,
V, 160256,
V, 160768,
V, 161280,
V, 161792,
V, 162304,
V, 162816,
V, 163328,
V, 163840,
V, 164352,
V, 164864,
V, 165376,
V, 165888,
V, 166400,
V, 166912,
V, 167424,
V, 167936,
V, 168448,
V, 168960,
V, 169472,
V, 169984,
V, 170496,
V, 171008,
V, 171520,
V, 172032,
