A, 176400300,
A, 176402367,
A, 176404457,
A, 176406547,
A, 176408637,
A, 176410727,
A, 176412816,
A, 176414906,
A, 176416996,
A, 176419086,
A, 176421176,
A, 176423265,
A, 176425355,
A, 176427424,
A, 176429514,
A, 176431604,
A, 176433694,
A, 176435784,
A, 176437873,
A, 176439963,
A, 176442053,
A, 176444143,
A, 176446233,
A, 176448286,
A, 176450376,
A, 176452465,
A, 176454555,
A, 176456645,
A, 176458735,
A, 176460824,
A, 176462914,
A, 176465004,
A, 176467076,
A, 176469165,
A, 176471255,
A, 176473345,
A, 176475435,
A, 176477524,
A, 176479614,
A, 176481704,
A, 176483794,
A, 176485884,
A, 176487973,
A, 176490063,
A, 176492122,
A, 176494212,
A, 176496302,
A, 176498392,
A, 176500482,
A, 176502571,
A, 176504661,
A, 176506751,
A, 176508841,
A, 176510931,
A, 176513010,
A, 176515100,
A, 176517190,
A, 176519280,
A, 176521369,
A, 176523459,
A, 176525549,
A, 176527639,
A, 176529729,
A, 176531806,
A, 176533896,
A, 176535986,
A, 176538076,
A, 176540165,
A, 176542255,
A, 176544345,
A, 176546435,
A, 176548524,
A, 176550614,
A, 176552704,
A, 176554794,
A, 176556867,
A, 176558957,
A, 176561047,
A, 176563137,
A, 176565227,
A, 176567316,
A, 176569406,
A, 176571496,
A, 176573586,
A, 176575676,
A, 176577745,
A, 176579835,
A, 176581924,
A, 176584014,
A, 176586104,
A, 176588194,
A, 176590284,
A, 176592373,
A, 176594463,
A, 176596541,
A, 176598631,
A, 176600720,
A, 176602810,
A, 176604900,
A, 176606990,
A, 176609080,
A, 176611169,
A, 176613259,
A, 176615349,
A, 176617439,
A, 176619529,
A, 176621602,
A, 176623692,
A, 176625782,
A, 176627871,
A, 176629961,
A, 176632051,
A, 176634141,
A, 176636231,
A, 176638320,
A, 176640410,
A, 176642492,
A, 176644582,
A, 176646671,
A, 176648761,
A, 176650851,
A, 176652941,
A, 176655031,
A, 176657120,
A, 176659210,
A, 176661294,
A, 176663384,
A, 176665473,
A, 176667563,
A, 176669653,
A, 176671743,
A, 176673833,
A, 176675922,
A, 176678012,
A, 176680102,
A, 176682192,
A, 176684282,
A, 176686369,
A, 176688459,
A, 176690549,
A, 176692639,
A, 176694729,
A, 176696818,
A, 176698908,
A, 176700998,
A, 176703088,
A, 176705178,
A, 176707261,
A, 176709351,
A, 176711441,
A, 176713531,
A, 176715620,
A, 176717710,
A, 176719800,
A, 176721890,
A, 176723980,
A, 176726061,
A, 176728151,
A, 176730241,
A, 176732331,
A, 176734420,
A, 176736510,
A, 176738600,
A, 176740690,
A, 176742780,
A, 176744869,
A, 176746959,
A, 176749049,
A, 176751112,
A, 176753202,
A, 176755292,
A, 176757382,
A, 176759471,
A, 176761561,
A, 176763651,
A, 176765741,
A, 176767831,
A, 176769920,
A, 176772008,
A, 176774098,
A, 176776188,
A, 176778278,
A, 176780367,
A, 176782457,
A, 176784547,
A, 176786637,
A, 176788727,
A, 176790812,
A, 176792902,
A, 176794992,
A, 176797082,
A, 176799171,
A, 176801261,
A, 176803351,
A, 176805441,
A, 176807531,
A, 176809620,
A, 176811710,
A, 176813800,
A, 176815892,
A, 176817982,
A, 176820071,
A, 176822161,
A, 176824251,
A, 176826341,
A, 176828431,
A, 176830520,
A, 176832610,
A, 176834700,
A, 176836790,
A, 176838880,
A, 176840969,
A, 176843059,
A, 176845149,
A, 176847239,
A, 176849329,
A, 176851418,
A, 176853508,
A, 176855596,
A, 176857686,
A, 176859776,
A, 176861865,
A, 176863955,
A, 176866045,
A, 176868135,
A, 176870224,
A, 176872314,
A, 176874404,
A, 176876494,
A, 176878584,
A, 176880676,
A, 176882765,
A, 176884855,
A, 176886945,
A, 176889035,
A, 176891124,
A, 176893214,
A, 176895304,
A, 176897394,
A, 176899484,
A, 176901592,
A, 176903682,
A, 176905771,
A, 176907861,
A, 176909951,
A, 176912041,
A, 176914131,
A, 176916220,
A, 176918310,
A, 176920404,
A, 176922494,
A, 176924584,
A, 176926673,
A, 176928763,
A, 176930853,
A, 176932943,
A, 176935033,
A, 176937122,
A, 176939212,
A, 176941302,
A, 176943392,
A, 176945480,
A, 176947569,
A, 176949659,
A, 176951749,
A, 176953839,
A, 176955929,
A, 176958018,
A, 176960108,
A, 176962198,
A, 176964288,
A, 176966380,
A, 176968469,
A, 176970559,
A, 176972649,
A, 176974739,
A, 176976829,
A, 176978918,
A, 176981008,
A, 176983098,
A, 176985163,
A, 176987253,
A, 176989343,
A, 176991433,
A, 176993522,
A, 176995612,
A, 176997702,
A, 176999792,
A, 177001882,
A, 177003971,
A, 177006061,
A, 177008151,
A, 177010233,
A, 177012322,
A, 177014412,
A, 177016502,
A, 177018592,
A, 177020682,
A, 177022771,
A, 177024861,
A, 177026951,
A, 177029041,
A, 177031135,
A, 177033224,
A, 177035314,
A, 177037404,
A, 177039494,
A, 177041584,
A, 177043673,
A, 177045763,
A, 177047853,
A, 177049935,
A, 177052024,
A, 177054114,
A, 177056204,
A, 177058294,
A, 177060384,
A, 177062473,
A, 177064563,
A, 177066653,
A, 177068743,
A, 177070833,
A, 177072922,
A, 177075004,
A, 177077094,
A, 177079184,
A, 177081273,
A, 177083363,
A, 177085453,
A, 177087543,
A, 177089633,
A, 177091722,
A, 177093812,
A, 177095896,
A, 177097986,
A, 177100076,
A, 177102165,
A, 177104255,
A, 177106345,
A, 177108435,
A, 177110524,
A, 177112614,
A, 177114696,
A, 177116786,
A, 177118876,
A, 177120965,
A, 177123055,
A, 177125145,
A, 177127235,
A, 177129324,
A, 177131414,
A, 177133504,
A, 177135594,
A, 177137684,
A, 177139763,
A, 177141853,
A, 177143943,
A, 177146033,
A, 177148122,
A, 177150212,
A, 177152302,
A, 177154392,
A, 177156482,
A, 177158571,
A, 177160653,
A, 177162743,
A, 177164833,
A, 177166922,
A, 177169012,
A, 177171102,
A, 177173192,
A, 177175282,
A, 177177371,
A, 177179459,
A, 177181549,
A, 177183639,
A, 177185729,
A, 177187818,
A, 177189908,
A, 177191998,
A, 177194088,
A, 177196178,
A, 177198267,
A, 177200357,
A, 177202447,
A, 177204496,
A, 177206586,
A, 177208676,
A, 177210765,
A, 177212855,
A, 177214945,
A, 177217035,
A, 177219124,
A, 177221214,
A, 177223304,
A, 177225378,
A, 177227467,
A, 177229557,
A, 177231647,
A, 177233737,
A, 177235827,
A, 177237916,
A, 177240006,
A, 177242096,
A, 177244186,
A, 177246276,
A, 177248365,
A, 177250410,
A, 177252500,
A, 177254590,
A, 177256680,
A, 177258769,
A, 177260859,
A, 177262949,
A, 177265039,
A, 177267129,
A, 177269192,
A, 177271282,
A, 177273371,
A, 177275461,
A, 177277551,
A, 177279641,
A, 177281731,
A, 177283820,
A, 177285910,
A, 177288000,
A, 177290092,
A, 177292182,
A, 177294271,
A, 177296361,
A, 177298451,
A, 177300541,
A, 177302631,
A, 177304720,
A, 177306810,
A, 177308908,
A, 177310998,
A, 177313088,
A, 177315178,
A, 177317267,
A, 177319357,
A, 177321447,
A, 177323537,
A, 177325627,
A, 177327716,
A, 177329806,
A, 177331896,
A, 177333945,
A, 177336035,
A, 177338124,
A, 177340214,
A, 177342304,
A, 177344394,
A, 177346484,
A, 177348573,
A, 177350663,
A, 177352753,
A, 177354853,
A, 177356943,
A, 177359033,
A, 177361122,
A, 177363212,
A, 177365302,
A, 177367392,
A, 177369482,
A, 177371571,
A, 177373667,
A, 177375757,
A, 177377847,
A, 177379937,
A, 177382027,
A, 177384116,
A, 177386206,
A, 177388296,
A, 177390386,
A, 177392476,
A, 177394565,
A, 177396655,
A, 177398700,
A, 177400790,
A, 177402880,
A, 177404969,
A, 177407059,
A, 177409149,
A, 177411239,
A, 177413329,
A, 177415418,
A, 177417508,
A, 177419627,
A, 177421716,
A, 177423806,
A, 177425896,
A, 177427986,
A, 177430076,
A, 177432165,
A, 177434255,
A, 177436345,
A, 177438412,
A, 177440502,
A, 177442592,
A, 177444682,
A, 177446771,
A, 177448861,
A, 177450951,
A, 177453041,
A, 177455131,
A, 177457220,
A, 177459310,
A, 177461400,
A, 177463514,
A, 177465604,
A, 177467694,
A, 177469784,
A, 177471873,
A, 177473963,
A, 177476053,
A, 177478143,
A, 177480233,
A, 177482322,
A, 177484373,
A, 177486463,
A, 177488553,
A, 177490643,
A, 177492733,
A, 177494822,
A, 177496912,
A, 177499002,
A, 177501092,
A, 177503202,
A, 177505292,
A, 177507382,
A, 177509471,
A, 177511561,
A, 177513651,
A, 177515741,
A, 177517831,
A, 177519920,
A, 177522010,
A, 177524100,
A, 177526190,
A, 177528269,
A, 177530359,
A, 177532449,
A, 177534539,
A, 177536629,
A, 177538718,
A, 177540808,
A, 177542898,
A, 177544988,
A, 177547078,
A, 177549186,
A, 177551276,
A, 177553365,
A, 177555455,
A, 177557545,
A, 177559635,
A, 177561724,
A, 177563814,
A, 177565904,
A, 177568014,
A, 177570104,
A, 177572194,
A, 177574284,
A, 177576373,
A, 177578463,
A, 177580553,
A, 177582643,
A, 177584733,
A, 177586822,
A, 177588912,
A, 177591002,
A, 177593116,
A, 177595206,
A, 177597296,
A, 177599386,
A, 177601476,
A, 177603565,
A, 177605655,
A, 177607745,
A, 177609835,
A, 177611924,
A, 177614024,
A, 177616114,
A, 177618204,
A, 177620294,
A, 177622384,
A, 177624473,
A, 177626563,
A, 177628653,
A, 177630743,
A, 177632839,
A, 177634929,
A, 177637018,
A, 177639108,
A, 177641198,
A, 177643288,
A, 177645378,
A, 177647467,
A, 177649557,
A, 177651647,
A, 177653737,
A, 177655827,
A, 177657884,
A, 177659973,
A, 177662063,
A, 177664153,
A, 177666243,
A, 177668333,
A, 177670422,
A, 177672512,
A, 177674602,
A, 177676692,
A, 177678747,
A, 177680837,
A, 177682927,
A, 177685016,
A, 177687106,
A, 177689196,
A, 177691286,
A, 177693376,
A, 177695465,
A, 177697549,
A, 177699639,
A, 177701729,
A, 177703818,
A, 177705908,
A, 177707998,
A, 177710088,
A, 177712178,
A, 177714267,
A, 177716357,
A, 177718447,
A, 177720537,
A, 177722622,
A, 177724712,
A, 177726802,
A, 177728892,
A, 177730982,
A, 177733071,
A, 177735161,
A, 177737251,
A, 177739341,
A, 177741431,
A, 177743527,
A, 177745616,
A, 177747706,
A, 177749796,
A, 177751886,
A, 177753976,
A, 177756065,
A, 177758155,
A, 177760245,
A, 177762337,
A, 177764427,
A, 177766516,
A, 177768606,
A, 177770696,
A, 177772786,
A, 177774876,
A, 177776965,
A, 177779055,
A, 177781145,
A, 177783235,
A, 177785324,
A, 177787408,
A, 177789498,
A, 177791588,
A, 177793678,
A, 177795767,
A, 177797857,
A, 177799947,
A, 177802037,
A, 177804127,
A, 177806216,
A, 177808312,
A, 177810402,
A, 177812492,
A, 177814582,
A, 177816671,
A, 177818761,
A, 177820851,
A, 177822941,
A, 177825031,
A, 177827141,
A, 177829231,
A, 177831320,
A, 177833410,
A, 177835500,
A, 177837590,
A, 177839680,
A, 177841769,
A, 177843859,
A, 177845949,
A, 177848039,
A, 177850129,
A, 177852229,
A, 177854318,
A, 177856408,
A, 177858498,
A, 177860588,
A, 177862678,
A, 177864767,
A, 177866857,
A, 177868947,
A, 177871037,
A, 177873157,
A, 177875247,
A, 177877337,
A, 177879427,
A, 177881516,
A, 177883606,
A, 177885696,
A, 177887786,
A, 177889876,
A, 177891996,
A, 177894086,
A, 177896176,
A, 177898265,
A, 177900355,
A, 177902445,
A, 177904535,
A, 177906624,
A, 177908714,
A, 177910804,
A, 177912894,
A, 177914984,
A, 177917063,
A, 177919153,
A, 177921243,
A, 177923333,
A, 177925422,
A, 177927512,
A, 177929602,
A, 177931692,
A, 177933782,
A, 177935871,
A, 177937920,
A, 177940010,
A, 177942100,
A, 177944190,
A, 177946280,
A, 177948369,
A, 177950459,
A, 177952549,
A, 177954639,
A, 177956718,
A, 177958808,
A, 177960898,
A, 177962988,
A, 177965078,
A, 177967167,
A, 177969257,
A, 177971347,
A, 177973437,
A, 177975527,
A, 177977616,
A, 177979706,
A, 177981755,
A, 177983845,
A, 177985935,
A, 177988024,
A, 177990114,
A, 177992204,
A, 177994294,
A, 177996384,
A, 177998473,
A, 178000563,
A, 178002622,
A, 178004712,
A, 178006802,
A, 178008892,
A, 178010982,
A, 178013071,
A, 178015161,
A, 178017251,
A, 178019341,
A, 178021431,
A, 178023520,
A, 178025610,
A, 178027657,
A, 178029747,
A, 178031837,
A, 178033927,
A, 178036016,
A, 178038106,
A, 178040196,
A, 178042286,
A, 178044376,
A, 178046488,
A, 178048578,
A, 178050667,
A, 178052757,
A, 178054847,
A, 178056937,
A, 178059027,
A, 178061116,
A, 178063206,
A, 178065296,
A, 178067418,
A, 178069508,
A, 178071598,
A, 178073688,
A, 178075778,
A, 178077867,
A, 178079957,
A, 178082047,
A, 178084137,
A, 178086239,
A, 178088329,
A, 178090418,
A, 178092508,
A, 178094598,
A, 178096688,
A, 178098778,
A, 178100867,
A, 178102957,
A, 178105047,
A, 178107137,
A, 178109227,
A, 178111314,
A, 178113404,
A, 178115494,
A, 178117584,
A, 178119673,
A, 178121763,
A, 178123853,
A, 178125943,
A, 178128033,
A, 178130122,
A, 178132243,
A, 178134333,
A, 178136422,
A, 178138512,
A, 178140602,
A, 178142692,
A, 178144782,
A, 178146871,
A, 178148961,
A, 178151076,
A, 178153165,
A, 178155255,
A, 178157345,
A, 178159435,
A, 178161524,
A, 178163614,
A, 178165704,
A, 178167794,
A, 178169884,
A, 178171973,
A, 178174063,
A, 178176153,
A, 178178202,
A, 178180292,
A, 178182382,
A, 178184471,
A, 178186561,
A, 178188651,
A, 178190741,
A, 178192831,
A, 178194920,
A, 178197029,
A, 178199118,
A, 178201208,
A, 178203298,
A, 178205388,
A, 178207478,
A, 178209567,
A, 178211657,
A, 178213747,
A, 178215861,
A, 178217951,
A, 178220041,
A, 178222131,
A, 178224220,
A, 178226310,
A, 178228400,
A, 178230490,
A, 178232580,
A, 178234669,
A, 178236759,
A, 178238849,
A, 178240939,
A, 178242984,
A, 178245073,
A, 178247163,
A, 178249253,
A, 178251343,
A, 178253433,
A, 178255522,
A, 178257612,
A, 178259702,
A, 178261753,
A, 178263843,
A, 178265933,
A, 178268022,
A, 178270112,
A, 178272202,
A, 178274292,
A, 178276382,
A, 178278471,
A, 178280557,
A, 178282647,
A, 178284737,
A, 178286827,
A, 178288916,
A, 178291006,
A, 178293096,
A, 178295186,
A, 178297276,
A, 178299365,
A, 178301455,
A, 178303545,
A, 178305635,
A, 178307682,
A, 178309771,
A, 178311861,
A, 178313951,
A, 178316041,
A, 178318131,
A, 178320220,
A, 178322310,
A, 178324400,
A, 178326502,
A, 178328592,
A, 178330682,
A, 178332771,
A, 178334861,
A, 178336951,
A, 178339041,
A, 178341131,
A, 178343220,
A, 178345310,
A, 178347400,
A, 178349490,
A, 178351533,
A, 178353622,
A, 178355712,
A, 178357802,
A, 178359892,
A, 178361982,
A, 178364071,
A, 178366161,
A, 178368251,
A, 178370341,
A, 178372414,
A, 178374504,
A, 178376594,
A, 178378684,
A, 178380773,
A, 178382863,
A, 178384953,
A, 178387043,
A, 178389133,
A, 178391204,
A, 178393294,
A, 178395384,
A, 178397473,
A, 178399563,
A, 178401653,
A, 178403743,
A, 178405833,
A, 178407922,
A, 178409988,
A, 178412078,
A, 178414167,
A, 178416257,
A, 178418347,
A, 178420437,
A, 178422527,
A, 178424616,
A, 178426706,
A, 178428796,
A, 178430886,
A, 178432976,
A, 178435065,
A, 178437182,
A, 178439271,
A, 178441361,
A, 178443451,
A, 178445541,
A, 178447631,
A, 178449720,
A, 178451810,
A, 178453900,
A, 178455990,
A, 178458080,
A, 178460169,
A, 178462259,
A, 178464349,
A, 178466439,
A, 178468529,
A, 178470618,
A, 178472708,
A, 178474818,
A, 178476908,
A, 178478998,
A, 178481088,
A, 178483178,
A, 178485267,
A, 178487357,
A, 178489447,
A, 178491537,
A, 178493627,
A, 178495716,
A, 178497806,
A, 178499896,
A, 178501941,
A, 178504031,
A, 178506120,
A, 178508210,
A, 178510300,
A, 178512390,
A, 178514480,
A, 178516569,
A, 178518659,
A, 178520735,
A, 178522824,
A, 178524914,
A, 178527004,
A, 178529094,
A, 178531184,
A, 178533273,
A, 178535363,
A, 178537453,
A, 178539535,
A, 178541624,
A, 178543714,
A, 178545804,
A, 178547894,
A, 178549984,
A, 178552073,
A, 178554163,
A, 178556253,
A, 178558343,
A, 178560433,
A, 178562522,
A, 178564612,
A, 178566678,
A, 178568767,
A, 178570857,
A, 178572947,
A, 178575037,
A, 178577127,
A, 178579216,
A, 178581306,
A, 178583396,
A, 178585461,
A, 178587551,
A, 178589641,
A, 178591731,
A, 178593820,
A, 178595910,
A, 178598000,
A, 178600090,
A, 178602180,
A, 178604269,
A, 178606359,
A, 178608449,
A, 178610506,
A, 178612596,
A, 178614686,
A, 178616776,
A, 178618865,
A, 178620955,
A, 178623045,
A, 178625135,
A, 178627224,
A, 178629314,
A, 178631384,
A, 178633473,
A, 178635563,
A, 178637653,
A, 178639743,
A, 178641833,
A, 178643922,
A, 178646012,
A, 178648102,
A, 178650182,
A, 178652271,
A, 178654361,
A, 178656451,
A, 178658541,
A, 178660631,
A, 178662720,
A, 178664810,
A, 178666900,
A, 178668967,
A, 178671057,
A, 178673147,
A, 178675237,
A, 178677327,
A, 178679416,
A, 178681506,
A, 178683596,
A, 178685686,
A, 178687776,
A, 178689865,
A, 178691955,
A, 178694045,
A, 178696108,
A, 178698198,
A, 178700288,
A, 178702378,
A, 178704467,
A, 178706557,
A, 178708647,
A, 178710737,
A, 178712827,
A, 178714894,
A, 178716984,
A, 178719073,
A, 178
